binned,domestic_box_office,international_box_office,worldwide_box_office,opening_weekend,production_budget,theater_counts,running_time,bb_profit,bb_profit_score,bb_score
"(1980, 1985]",220562043.9,141027081.7,361589125.6,14531277.9,19222222.222222224,19.25,110.4,349168615.5555556,13.683757205146442,39.57863004360251
"(1985, 1990]",138688646.37142858,127782047.2,266470693.57142857,15745845.15625,28526923.076923076,13.2625,115.03030303030303,256474028.80769232,10.051099048653763,37.03576933405763
"(1990, 1995]",137727894.16666666,164913748.0,302641642.1666667,20107485.466666665,48794000.0,10.756666666666662,120.14285714285714,271542631.9,10.641630662750241,37.44914146392517
"(1995, 2000]",143967064.2777778,161057667.91666666,305024732.1944444,26649660.138888888,68549452.9423077,9.853703703703706,115.4326923076923,241196890.60576922,9.452395039669538,36.61667652776867
"(2000, 2005]",156618855.72297296,167050421.68243244,323669277.4054054,39469736.675675675,76090378.1904762,7.5500000000000025,115.40425531914893,248077344.6530612,9.722036864420916,36.80542580509465
"(2005, 2010]",162793439.48554912,218233291.36416185,381026730.849711,45123751.89017341,100156804.73372781,6.632947976878614,112.80116959064327,284596285.1183432,11.15319731943782,37.80723812360648
"(2010, 2015]",174037264.34391534,279433306.2592593,453470570.6031746,51904698.661375664,107922751.32275133,6.430158730158731,117.44444444444444,345547819.2804233,13.541859866981095,39.47930190688678
"(2015, 2020]",209563924.1197183,344625375.3169014,554189299.4366198,64529619.34507042,116895744.68085106,6.400704225352112,118.85211267605634,439845622.9858156,17.237347357545232,42.066143150281675
