binned,year,domestic_box_office,international_box_office,worldwide_box_office,opening_weekend,legs,production_budget,theater_counts,running_time,imdb_score,bb_profit,bb_profit_score,bb_score,genre
"(1980, 1985]",1983.3333333333333,230860747.0,137530090.7777778,368390837.7777778,13924582.444444444,3.7800000000000002,19222222.222222224,20.37777777777778,112.5,7.688888888888889,349168615.5555556,13.683757205146442,39.57863004360251,All
"(1985, 1990]",1988.608695652174,152111362.5652174,147603289.95652175,299714652.5217391,16197713.086956521,3.7800000000000007,30056521.739130434,14.321739130434782,117.29411764705883,7.13913043478261,269658130.7826087,10.567777932022485,37.39744455241574,All
"(1990, 1995]",1993.34,144360652.52,175975979.38,320336631.9,21183394.54,3.7800000000000007,48794000.0,10.741999999999996,120.51428571428572,7.198,271542631.9,10.641630662750241,37.44914146392517,All
"(1995, 2000]",1998.2884615384614,145313483.65384614,164432859.89423078,309746343.5480769,26798371.192307692,3.779999999999991,68549452.9423077,9.860576923076927,118.921875,6.772115384615383,241196890.60576922,9.452395039669538,36.61667652776867,All
"(2000, 2005]",2002.9863945578231,157103771.2244898,167061191.6802721,324164962.9047619,39736252.29931973,3.779999999999986,76090378.1904762,7.554421768707485,119.5360824742268,6.621088435374151,248074584.7142857,9.721928703691622,36.80535009258415,All
"(2005, 2010]",2008.1952662721894,163700045.14792898,221045409.2485207,384745454.3964497,45460367.17159763,3.7799999999999843,100156804.73372781,6.636686390532547,113.24025974025975,6.689349112426033,284588649.6627219,11.152898089449163,37.807028662614414,All
"(2010, 2015]",2013.031746031746,174037264.34391534,279364720.86243385,453401985.2063492,51904698.661375664,3.779999999999983,107922751.32275133,6.430158730158731,117.44444444444444,6.820634920634922,345479233.8835979,13.539172036872182,39.47742042581054,All
"(2015, 2020]",2017.4751773049645,210363286.24113476,346414593.24822694,556777879.4893616,64767179.30496454,3.7799999999999865,116895744.68085106,6.407801418439717,118.84397163120568,6.880851063829791,439882134.80851066,17.23877823905812,42.06714476734068,All
