binned,year,domestic_box_office,international_box_office,worldwide_box_office,opening_weekend,legs,production_budget,theater_counts,running_time,imdb_score,bb_profit,bb_profit_score,bb_score,genre
"(1980, 1985]",1983.333333,230860747,137530090.8,368390837.8,13924582.44,3.78,19222222.22,20.37777778,112.5,7.688888889,349168615.6,13.68375721,40,All
"(1985, 1990]",1988.608696,152111362.6,147603290,299714652.5,16197713.09,3.78,30056521.74,14.32173913,117.2941176,7.139130435,269658130.8,10.56777793,37,All
"(1990, 1995]",1993.34,144360652.5,175975979.4,320336631.9,21183394.54,3.78,48794000,10.742,120.5142857,7.198,271542631.9,10.64163066,37,All
"(1995, 2000]",1998.288462,145313483.7,164432859.9,309746343.5,26798371.19,3.78,68549452.94,9.860576923,118.921875,6.772115385,241196890.6,9.45239504,37,All
"(2000, 2005]",2002.986395,157103771.2,167061191.7,324164962.9,39736252.3,3.78,76090378.19,7.554421769,119.5360825,6.621088435,248074584.7,9.721928704,37,All
"(2005, 2010]",2008.195266,163700045.1,221045409.2,384745454.4,45460367.17,3.78,100156804.7,6.636686391,113.2402597,6.689349112,284588649.7,11.15289809,38,All
"(2010, 2015]",2013.031746,174037264.3,279364720.9,453401985.2,51904698.66,3.78,107922751.3,6.43015873,117.4444444,6.820634921,345479233.9,13.53917204,39,All
"(2015, 2020]",2017.475177,210363286.2,346414593.2,556777879.5,64767179.3,3.78,116895744.7,6.407801418,118.8439716,6.880851064,439882134.8,17.23877824,42,All