genre,domestic_box_office,international_box_office,worldwide_box_office,opening_weekend,legs,production_budget,theater_counts,running_time,bb_profit,bb_profit_score,bb_score
Action,129980482.15789473,152412395.89473686,282392878.05263156,32611692.210526317,3.7800000000000002,85812500.0,7.894736842105262,120.58823529411765,215990883.1875,8.464583219658358,35.92520825376085
Adventure,125099100.93333334,149630454.16666666,274729555.1,32318563.433333334,3.7800000000000007,78982758.62068966,7.470000000000001,101.92857142857143,194730574.24137932,7.631401505253015,35.34198105367711
Comedy,134619556.53846154,89263086.6923077,223882643.23076922,30273127.076923076,3.7800000000000002,43313888.88888889,9.066666666666666,101.45945945945945,185957782.94444445,7.2875998553605195,35.10131989875235
Documentary,119114517.0,102034442.0,221148959.0,23920637.0,3.78,6000000.0,6.7,121.0,215148959.0,8.43158859856803,35.90211201899762
Drama,127360420.94117647,104761390.52941176,232121811.47058824,18343033.625,3.7800000000000002,59250000.0,10.037500000000001,128.8,181046729.14285713,7.095137919068195,34.966596543347734
Horror,101547326.6,84736849.6,186284176.2,25952642.8,3.78,32800000.0,6.779999999999999,104.6,153484176.2,6.014974165450304,34.21048191581521
Romantic,122610809.375,108836467.75,231447277.125,24260384.5,3.7800000000000002,54000000.0,9.312500000000002,120.14285714285714,177447277.125,6.954077052513611,34.86785393675952
Thriller/Suspense,155450135.83333334,186107922.33333334,341558058.1666667,36653686.666666664,3.7800000000000007,70068297.5,8.9,119.45454545454545,300174478.1,11.763699526564148,38.23458966859489
Western,101970086.0,40692859.0,142662945.0,17248545.0,3.78,6000000.0,7.4,119.5,96310653.0,3.774370127235623,32.642059089064944
